[{"score": 15000}, {"score": 3340}, {"score": 0}, {"score": 4860}, {"score": 1755}, {"score": 0}, {"score": 0}, {"score": 0}, {"score": 0}, {"score": 0}, {"score": 0}, {"score": 0}, {"score": 0}, {"score": 1610}, {"score": 0}, {"score": 0}, {"score": 0}, {"score": 0}, {"score": 0}, {"score": 0}, {"score": 0}, {"score": 0}, {"score": 0}, {"score": 0}, {"score": 30}, {"score": 356590}, {"score": 15240}, {"score": 64980}, {"score": 30}, {"score": 635}, {"score": 185}, {"score": 650}, {"score": 5460}, {"score": 8320}, {"score": 310}, {"score": 465}, {"score": 1400}, {"score": 0}, {"score": 0}, {"score": 0}, {"score": 205}, {"score": 915}]