{ "height":20,
 "layers":[
        {
         "data":[30, 30, 30, 30, 30, 30, 30, 30, 30, 30, 30, 30, 30, 30, 30, 30, 30, 30, 30, 30, 30, 30, 30, 30, 30, 30, 30, 30, 30, 30, 30, 30, 1, 2, 2, 2, 3, 30, 1, 2, 2, 29, 10, 11, 25, 26, 26, 26, 26, 27, 30, 30, 30, 30, 30, 15, 16, 30, 31, 30, 30, 30, 9, 10, 10, 10, 28, 2, 29, 10, 10, 10, 10, 11, 33, 34, 34, 34, 34, 35, 30, 30, 30, 30, 14, 15, 16, 30, 30, 30, 30, 30, 17, 18, 21, 10, 10, 10, 10, 10, 20, 18, 18, 19, 41, 42, 42, 42, 42, 43, 30, 30, 30, 31, 22, 23, 24, 30, 30, 30, 30, 30, 30, 30, 17, 21, 10, 10, 10, 20, 19, 30, 30, 30, 30, 30, 30, 30, 30, 30, 30, 30, 30, 30, 1, 2, 3, 30, 30, 30, 30, 30, 30, 30, 30, 17, 18, 18, 18, 19, 30, 25, 26, 26, 26, 26, 26, 26, 26, 26, 26, 26, 26, 27, 9, 10, 11, 30, 30, 30, 30, 30, 30, 30, 30, 30, 30, 30, 30, 30, 30, 33, 34, 34, 34, 34, 34, 34, 34, 34, 34, 34, 34, 35, 9, 10, 11, 30, 30, 30, 30, 30, 30, 30, 30, 30, 40, 30, 30, 30, 30, 33, 34, 36, 42, 37, 34, 34, 34, 34, 34, 34, 34, 35, 9, 10, 11, 30, 30, 30, 30, 30, 30, 30, 30, 30, 30, 30, 30, 30, 30, 33, 34, 35, 30, 33, 34, 34, 34, 34, 34, 34, 34, 35, 9, 10, 11, 30, 30, 30, 30, 30, 30, 30, 30, 30, 30, 30, 38, 30, 30, 33, 34, 35, 30, 33, 34, 34, 34, 34, 34, 34, 34, 35, 9, 10, 11, 30, 30, 30, 30, 30, 30, 30, 30, 48, 38, 30, 30, 30, 30, 33, 34, 44, 26, 45, 34, 34, 34, 34, 34, 34, 34, 35, 9, 10, 11, 30, 30, 30, 30, 30, 30, 40, 30, 30, 30, 40, 30, 30, 30, 33, 34, 34, 34, 34, 34, 34, 34, 36, 42, 37, 34, 35, 9, 10, 11, 30, 30, 30, 30, 30, 30, 30, 30, 40, 38, 30, 30, 38, 30, 33, 34, 34, 34, 34, 34, 34, 34, 44, 26, 45, 34, 35, 9, 10, 11, 30, 30, 30, 30, 39, 30, 30, 30, 38, 30, 40, 30, 30, 30, 33, 34, 34, 34, 34, 34, 34, 34, 34, 34, 34, 34, 35, 9, 10, 11, 30, 30, 30, 30, 30, 30, 39, 30, 30, 30, 30, 30, 30, 30, 41, 42, 42, 42, 42, 42, 42, 42, 42, 42, 42, 42, 43, 9, 10, 11, 30, 30, 30, 30, 7, 8, 1, 2, 2, 2, 2, 2, 2, 2, 2, 3, 1, 2, 2, 2, 2, 2, 2, 2, 2, 2, 2, 29, 10, 11, 30, 30, 30, 30, 15, 16, 9, 10, 10, 10, 10, 10, 10, 10, 10, 11, 9, 10, 10, 10, 10, 10, 10, 10, 10, 10, 10, 10, 10, 11, 30, 30, 30, 30, 23, 24, 17, 18, 18, 18, 18, 18, 18, 18, 18, 19, 17, 18, 18, 18, 18, 18, 18, 18, 18, 18, 18, 18, 18, 19, 30, 30, 30, 30, 30, 39, 30, 30, 30, 30, 30, 30, 30, 30, 30, 30, 30, 30, 30, 30, 30, 30, 30, 30, 30, 30, 30, 30, 30, 30, 30, 30, 30, 30, 30, 30, 30, 30, 30, 30, 30, 30, 30, 30, 30, 30, 30, 30, 30, 30, 30, 30, 30, 30, 30, 30, 30, 30, 30, 30, 30, 30, 30],
         "height":20,
         "name":"Ground",
         "opacity":1,
         "type":"tilelayer",
         "visible":true,
         "width":30,
         "x":0,
         "y":0
        }],
 "orientation":"orthogonal",
 "properties":
    {

    },
 "renderorder":"right-down",
 "tileheight":32,
 "tilesets":[
        {
         "firstgid":1,
         "image":"tmw_desert_spacing.png",
         "imageheight":199,
         "imagewidth":265,
         "margin":1,
         "name":"Desert",
         "properties":
            {

            },
         "spacing":1,
         "terrains":[
                {
                 "name":"Desert",
                 "tile":29
                }, 
                {
                 "name":"Brick",
                 "tile":9
                }, 
                {
                 "name":"Cobblestone",
                 "tile":33
                }, 
                {
                 "name":"Dirt",
                 "tile":14
                }],
         "tileheight":32,
         "tiles":
            {
             "30":
                {
                 "probability":0.5
                },
             "31":
                {
                 "probability":0.5
                },
             "37":
                {
                 "probability":0.5
                },
             "38":
                {
                 "probability":0.5
                },
             "39":
                {
                 "probability":0.5
                },
             "45":
                {
                 "probability":0
                },
             "46":
                {
                 "probability":0.5
                },
             "47":
                {
                 "probability":0.5
                }
            },
         "tilewidth":32
        }],
 "tilewidth":32,
 "version":1,
 "width":30
}